{"initial_reset_timestamp": 1566764039.6434772, "timestamps": [1566764045.2452223], "episode_lengths": [1015], "episode_rewards": [-21.0], "episode_types": ["t"]}