{"initial_reset_timestamp": 1566767066.6608162, "timestamps": [1566767071.9372494], "episode_lengths": [1038], "episode_rewards": [-21.0], "episode_types": ["t"]}