{"episode_rewards": [-13.0], "timestamps": [1566766421.5650048], "initial_reset_timestamp": 1566766416.043625, "episode_types": ["t"], "episode_lengths": [2922]}