{"episode_rewards": [3.0], "timestamps": [1566822189.1394575], "initial_reset_timestamp": 1566822179.185169, "episode_types": ["t"], "episode_lengths": [5286]}