{"episode_rewards": [-8.0], "timestamps": [1566775977.8504465], "initial_reset_timestamp": 1566775968.8670294, "episode_types": ["t"], "episode_lengths": [4569]}