{"episode_rewards": [-11.0], "timestamps": [1566772767.726873], "initial_reset_timestamp": 1566772761.418519, "episode_types": ["t"], "episode_lengths": [3489]}