{"episode_rewards": [6.0], "timestamps": [1566815522.8522594], "initial_reset_timestamp": 1566815513.4074323, "episode_types": ["t"], "episode_lengths": [4820]}