{"episode_rewards": [-15.0], "timestamps": [1566769593.8645918], "initial_reset_timestamp": 1566769585.8712127, "episode_types": ["t"], "episode_lengths": [3869]}