{"episode_rewards": [-16.0], "timestamps": [1566792476.2032914], "initial_reset_timestamp": 1566792469.7273037, "episode_types": ["t"], "episode_lengths": [3180]}