{"episode_rewards": [-12.0], "timestamps": [1566808893.1254046], "initial_reset_timestamp": 1566808885.850626, "episode_types": ["t"], "episode_lengths": [3822]}