{"episode_rewards": [-12.0], "timestamps": [1566802354.401723], "initial_reset_timestamp": 1566802347.447397, "episode_types": ["t"], "episode_lengths": [3769]}