{"episode_rewards": [-14.0], "timestamps": [1566789162.1261482], "initial_reset_timestamp": 1566789155.1502833, "episode_types": ["t"], "episode_lengths": [3595]}