{"episode_rewards": [-21.0], "timestamps": [1566757340.638669], "initial_reset_timestamp": 1566757338.4806497, "episode_types": ["t"], "episode_lengths": [1021]}