{"episode_rewards": [-17.0], "timestamps": [1566760170.5318394], "initial_reset_timestamp": 1566760166.0186558, "episode_types": ["t"], "episode_lengths": [2410]}