{"episode_rewards": [-4.0], "timestamps": [1566782572.5373898], "initial_reset_timestamp": 1566782561.4909751, "episode_types": ["t"], "episode_lengths": [5389]}