{"episode_rewards": [-2.0], "timestamps": [1566799090.5407174], "initial_reset_timestamp": 1566799079.2685578, "episode_types": ["t"], "episode_lengths": [5436]}