{"episode_rewards": [-9.0], "timestamps": [1566785804.6141658], "initial_reset_timestamp": 1566785795.851258, "episode_types": ["t"], "episode_lengths": [4701]}