{"episode_rewards": [-2.0], "timestamps": [1566795831.4797955], "initial_reset_timestamp": 1566795820.2514143, "episode_types": ["t"], "episode_lengths": [5786]}