{"episode_rewards": [-3.0], "timestamps": [1566779294.275889], "initial_reset_timestamp": 1566779284.6789548, "episode_types": ["t"], "episode_lengths": [5088]}