{"episode_rewards": [-11.0], "timestamps": [1566818932.1735227], "initial_reset_timestamp": 1566818924.5080884, "episode_types": ["t"], "episode_lengths": [4015]}