{"episode_rewards": [-19.0], "timestamps": [1566763305.8127842], "initial_reset_timestamp": 1566763302.0970008, "episode_types": ["t"], "episode_lengths": [1989]}