{"episode_rewards": [-10.0], "timestamps": [1566805625.1017215], "initial_reset_timestamp": 1566805617.0431027, "episode_types": ["t"], "episode_lengths": [4310]}