{"episode_rewards": [2.0], "timestamps": [1566812179.4270055], "initial_reset_timestamp": 1566812167.5878344, "episode_types": ["t"], "episode_lengths": [5615]}